xmin,ymin,ymax,xmax,tile
-896905,716025,816025,-796905,6
-796905,716025,816025,-696905,7
-696905,716025,816025,-596905,8
-596905,716025,816025,-496905,9
-496905,716025,816025,-396905,10
-396905,716025,816025,-296905,11
-296905,716025,816025,-196905,12
-996905,816025,916025,-896905,19
-896905,816025,916025,-796905,20
-796905,816025,916025,-696905,21
-696905,816025,916025,-596905,22
-596905,816025,916025,-496905,23
-496905,816025,916025,-396905,24
-396905,816025,916025,-296905,25
-296905,816025,916025,-196905,26
-196905,816025,916025,-96905,27
-1396905,916025,1016025,-1296905,29
-1296905,916025,1016025,-1196905,30
-1196905,916025,1016025,-1096905,31
-996905,916025,1016025,-896905,33
-896905,916025,1016025,-796905,34
-796905,916025,1016025,-696905,35
-696905,916025,1016025,-596905,36
-596905,916025,1016025,-496905,37
-496905,916025,1016025,-396905,38
-396905,916025,1016025,-296905,39
-296905,916025,1016025,-196905,40
-196905,916025,1016025,-96905,41
-1396905,1016025,1116025,-1296905,43
-1296905,1016025,1116025,-1196905,44
-1196905,1016025,1116025,-1096905,45
-1096905,1016025,1116025,-996905,46
-996905,1016025,1116025,-896905,47
-896905,1016025,1116025,-796905,48
-796905,1016025,1116025,-696905,49
-696905,1016025,1116025,-596905,50
-596905,1016025,1116025,-496905,51
-496905,1016025,1116025,-396905,52
-396905,1016025,1116025,-296905,53
-296905,1016025,1116025,-196905,54
-196905,1016025,1116025,-96905,55
-1396905,1116025,1216025,-1296905,57
-1296905,1116025,1216025,-1196905,58
-1196905,1116025,1216025,-1096905,59
-1096905,1116025,1216025,-996905,60
-996905,1116025,1216025,-896905,61
-896905,1116025,1216025,-796905,62
-796905,1116025,1216025,-696905,63
-696905,1116025,1216025,-596905,64
-596905,1116025,1216025,-496905,65
-496905,1116025,1216025,-396905,66
-396905,1116025,1216025,-296905,67
-296905,1116025,1216025,-196905,68
-196905,1116025,1216025,-96905,69
-1096905,1216025,1316025,-996905,74
-996905,1216025,1316025,-896905,75
-896905,1216025,1316025,-796905,76
-796905,1216025,1316025,-696905,77
-696905,1216025,1316025,-596905,78
-596905,1216025,1316025,-496905,79
-496905,1216025,1316025,-396905,80
-396905,1216025,1316025,-296905,81
-296905,1216025,1316025,-196905,82
-196905,1216025,1316025,-96905,83
-996905,1316025,1416025,-896905,89
-896905,1316025,1416025,-796905,90
-796905,1316025,1416025,-696905,91
-696905,1316025,1416025,-596905,92
-596905,1316025,1416025,-496905,93
-496905,1316025,1416025,-396905,94
-396905,1316025,1416025,-296905,95
-296905,1316025,1416025,-196905,96
-196905,1316025,1416025,-96905,97
-96905,1316025,1416025,3095,98
-996905,1416025,1516025,-896905,103
-896905,1416025,1516025,-796905,104
-796905,1416025,1516025,-696905,105
-696905,1416025,1516025,-596905,106
-596905,1416025,1516025,-496905,107
-496905,1416025,1516025,-396905,108
-396905,1416025,1516025,-296905,109
-296905,1416025,1516025,-196905,110
-196905,1416025,1516025,-96905,111
-96905,1416025,1516025,3095,112
-896905,1516025,1616025,-796905,118
-796905,1516025,1616025,-696905,119
-696905,1516025,1616025,-596905,120
-596905,1516025,1616025,-496905,121
-496905,1516025,1616025,-396905,122
-396905,1516025,1616025,-296905,123
-296905,1516025,1616025,-196905,124
-196905,1516025,1616025,-96905,125
-96905,1516025,1616025,3095,126
-796905,1616025,1716025,-696905,133
-696905,1616025,1716025,-596905,134
-596905,1616025,1716025,-496905,135
-496905,1616025,1716025,-396905,136
-396905,1616025,1716025,-296905,137
-296905,1616025,1716025,-196905,138
-196905,1616025,1716025,-96905,139
-96905,1616025,1716025,3095,140
-896905,1716025,1816025,-796905,146
-796905,1716025,1816025,-696905,147
-696905,1716025,1816025,-596905,148
-596905,1716025,1816025,-496905,149
-496905,1716025,1816025,-396905,150
-396905,1716025,1816025,-296905,151
-296905,1716025,1816025,-196905,152
-196905,1716025,1816025,-96905,153
-96905,1716025,1816025,3095,154
-796905,1816025,1916025,-696905,161
-696905,1816025,1916025,-596905,162
-596905,1816025,1916025,-496905,163
-496905,1816025,1916025,-396905,164
-396905,1816025,1916025,-296905,165
-296905,1816025,1916025,-196905,166
-196905,1816025,1916025,-96905,167
-96905,1816025,1916025,3095,168
-796905,1916025,2016025,-696905,175
-696905,1916025,2016025,-596905,176
-596905,1916025,2016025,-496905,177
-496905,1916025,2016025,-396905,178
-396905,1916025,2016025,-296905,179
-296905,1916025,2016025,-196905,180
-196905,1916025,2016025,-96905,181
-96905,1916025,2016025,3095,182
-896905,2016025,2116025,-796905,188
-796905,2016025,2116025,-696905,189
-696905,2016025,2116025,-596905,190
-596905,2016025,2116025,-496905,191
-496905,2016025,2116025,-396905,192
-396905,2016025,2116025,-296905,193
-296905,2016025,2116025,-196905,194
-196905,2016025,2116025,-96905,195
-96905,2016025,2116025,3095,196
-896905,2116025,2216025,-796905,202
-796905,2116025,2216025,-696905,203
-696905,2116025,2216025,-596905,204
-596905,2116025,2216025,-496905,205
-496905,2116025,2216025,-396905,206
-396905,2116025,2216025,-296905,207
-296905,2116025,2216025,-196905,208
-196905,2116025,2216025,-96905,209
-996905,2216025,2316025,-896905,215
-896905,2216025,2316025,-796905,216
-796905,2216025,2316025,-696905,217
-696905,2216025,2316025,-596905,218
-596905,2216025,2316025,-496905,219
-496905,2216025,2316025,-396905,220
-396905,2216025,2316025,-296905,221
-296905,2216025,2316025,-196905,222
-196905,2216025,2316025,-96905,223
-996905,2316025,2416025,-896905,229
-896905,2316025,2416025,-796905,230
-796905,2316025,2416025,-696905,231
-696905,2316025,2416025,-596905,232
-596905,2316025,2416025,-496905,233
-496905,2316025,2416025,-396905,234
-396905,2316025,2416025,-296905,235
-296905,2316025,2416025,-196905,236
-196905,2316025,2416025,-96905,237
-1096905,2416025,2516025,-996905,242
-996905,2416025,2516025,-896905,243
-896905,2416025,2516025,-796905,244
-796905,2416025,2516025,-696905,245
-696905,2416025,2516025,-596905,246
-596905,2416025,2516025,-496905,247
-496905,2416025,2516025,-396905,248
-396905,2416025,2516025,-296905,249
-296905,2416025,2516025,-196905,250
-1196905,2516025,2616025,-1096905,255
-1096905,2516025,2616025,-996905,256
-996905,2516025,2616025,-896905,257
-896905,2516025,2616025,-796905,258
-796905,2516025,2616025,-696905,259
-696905,2516025,2616025,-596905,260
-596905,2516025,2616025,-496905,261
-496905,2516025,2616025,-396905,262
-396905,2516025,2616025,-296905,263
-296905,2516025,2616025,-196905,264
-1296905,2616025,2716025,-1196905,268
-1196905,2616025,2716025,-1096905,269
-1096905,2616025,2716025,-996905,270
-996905,2616025,2716025,-896905,271
-896905,2616025,2716025,-796905,272
-796905,2616025,2716025,-696905,273
-696905,2616025,2716025,-596905,274
-596905,2616025,2716025,-496905,275
-496905,2616025,2716025,-396905,276
-396905,2616025,2716025,-296905,277
-1296905,2716025,2816025,-1196905,282
-1196905,2716025,2816025,-1096905,283
-1096905,2716025,2816025,-996905,284
-996905,2716025,2816025,-896905,285
-896905,2716025,2816025,-796905,286
-796905,2716025,2816025,-696905,287
-696905,2716025,2816025,-596905,288
-596905,2716025,2816025,-496905,289
-496905,2716025,2816025,-396905,290
-1296905,2816025,2916025,-1196905,296
-1196905,2816025,2916025,-1096905,297
-1096905,2816025,2916025,-996905,298
-996905,2816025,2916025,-896905,299
-896905,2816025,2916025,-796905,300
-796905,2816025,2916025,-696905,301
-696905,2816025,2916025,-596905,302
-596905,2816025,2916025,-496905,303
-1296905,2916025,3016025,-1196905,310
-1196905,2916025,3016025,-1096905,311
-1096905,2916025,3016025,-996905,312
-996905,2916025,3016025,-896905,313
-896905,2916025,3016025,-796905,314
-796905,2916025,3016025,-696905,315
